{
  "version": "expectancy_20260405_085553",
  "created_at": "2026-04-05T08:55:53.682212+00:00",
  "regime_params": {
    "quiet": {
      "threshold_bps": 0.34,
      "fill_prob": 0.657142857142857,
      "adverse_selection_bps": 0.1,
      "slippage_bps": 0.7015168093913915,
      "sample_count": 0
    },
    "normal": {
      "threshold_bps": 0.3,
      "fill_prob": 0.6242857142857141,
      "adverse_selection_bps": 0.1,
      "slippage_bps": 0.7015168093913915,
      "sample_count": 0
    },
    "trend": {
      "threshold_bps": 0.95,
      "fill_prob": 0.5585714285714285,
      "adverse_selection_bps": 0.1,
      "slippage_bps": 0.7015168093913915,
      "sample_count": 0
    },
    "high_vol": {
      "threshold_bps": 1.15,
      "fill_prob": 0.49285714285714277,
      "adverse_selection_bps": 0.1,
      "slippage_bps": 0.7015168093913915,
      "sample_count": 0
    },
    "warmup": {
      "threshold_bps": 0.6,
      "fill_prob": 0.5257142857142857,
      "adverse_selection_bps": 0.1,
      "slippage_bps": 0.7015168093913915,
      "sample_count": 0
    },
    "unknown": {
      "threshold_bps": 0.75,
      "fill_prob": 0.5585714285714285,
      "adverse_selection_bps": 0.1,
      "slippage_bps": 0.7015168093913915,
      "sample_count": 0
    }
  },
  "regime_bucket_params": {}
}