{
  "version": "expectancy_20260405_090020",
  "created_at": "2026-04-05T09:00:20.076871+00:00",
  "regime_params": {
    "quiet": {
      "threshold_bps": 0.6,
      "fill_prob": 0.793349,
      "adverse_selection_bps": 0.1,
      "slippage_bps": 0.482449,
      "sample_count": 60
    },
    "normal": {
      "threshold_bps": 0.3,
      "fill_prob": 0.7687159634166666,
      "adverse_selection_bps": 0.1,
      "slippage_bps": 0.4903348925354353,
      "sample_count": 0
    },
    "trend": {
      "threshold_bps": 0.95,
      "fill_prob": 0.6877984935833333,
      "adverse_selection_bps": 0.1,
      "slippage_bps": 0.4903348925354353,
      "sample_count": 0
    },
    "high_vol": {
      "threshold_bps": 1.15,
      "fill_prob": 0.60688102375,
      "adverse_selection_bps": 0.1,
      "slippage_bps": 0.4903348925354353,
      "sample_count": 0
    },
    "warmup": {
      "threshold_bps": 0.6,
      "fill_prob": 0.6473397586666667,
      "adverse_selection_bps": 0.1,
      "slippage_bps": 0.4903348925354353,
      "sample_count": 0
    },
    "unknown": {
      "threshold_bps": 0.75,
      "fill_prob": 0.6877984935833333,
      "adverse_selection_bps": 0.1,
      "slippage_bps": 0.4903348925354353,
      "sample_count": 0
    }
  },
  "regime_bucket_params": {
    "quiet|micro": {
      "threshold_bps": 0.402796,
      "fill_prob": 0.809175,
      "adverse_selection_bps": 0.1,
      "slippage_bps": 0.490335,
      "sample_count": 60
    }
  }
}